meal_id,school_id,menu,date,meal_quality_score,remarks,preparation_time,cooking_temperature,serving_temperature,calories,meal_wastage,weather_conditions
1,1,Khichdi,2021-01-07,9.41,,105,-72.42,62.29,472.74,4,Cold
2,1,Khichdi,2021-04-21,7.55,,43,0.0,60.58,210.54,3,Warm
3,1,Pulao,2021-05-21,6.01,,66,68.81,68.63,494.11,4,Warm
4,1,Pulao,2021-09-14,6.65,Poor,54,83.25,60.82,267.56,5,Rainy
5,1,Khichdi,2021-02-17,6.63,Poor,40,-82.69,69.21,271.65,1,Cold
6,1,Khichdi,2021-09-02,9.42,Poor,82,69.27,52.55,242.44,2,Rainy
7,1,Chapati & Vegetables,2021-07-26,8.62,Average,43,-79.02,60.56,246.55,4,Hot
8,1,Khichdi,2021-04-06,7.17,Poor,62,63.42,54.5,451.43,0,Warm
9,1,Idli & Sambar,2021-03-27,7.22,,109,67.06,74.39,338.85,3,Warm
10,1,Khichdi,2021-09-05,8.24,Average,59,63.97,56.75,335.18,8,Rainy
11,1,Khichdi,2021-05-19,9.00,Good,93,81.12,73.79,204.12,2,Warm
12,1,Rice & Dal,2021-10-24,8.19,,33,84.73,55.72,421.78,5,Rainy
13,1,Rice & Dal,2021-02-04,7.28,Poor,71,63.28,60.01,207.3,0,Cold
14,1,Pulao,2021-07-06,7.63,Average,55,83.6,69.64,239.79,9,Hot
15,1,Rice & Dal,2021-03-09,7.72,Average,49,65.69,70.68,242.4,4,Warm
16,1,Rice & Dal,2021-05-17,7.12,Poor,49,82.07,60.59,254.66,3,Warm
17,1,Rice & Dal,2021-05-11,7.19,Average,84,62.96,60.97,472.28,4,Warm
18,1,Khichdi,2021-10-08,7.22,Average,57,71.38,69.31,448.45,4,Rainy
19,1,Pulao,2021-10-06,8.36,Good,39,87.81,70.3,377.73,2,Rainy
20,1,Khichdi,2021-08-27,7.83,Average,43,83.61,70.19,431.99,2,Hot
21,1,Pulao,2021-08-22,7.06,Average,76,69.47,54.1,264.53,9,Hot
22,1,Idli & Sambar,2021-09-23,7.33,Average,58,86.54,69.63,296.19,0,Rainy
23,1,Chapati & Vegetables,2021-10-14,8.87,,109,68.42,67.03,337.27,6,Rainy
24,1,Khichdi,2021-09-12,7.40,Poor,74,84.48,63.64,307.5,2,Rainy
25,1,Pulao,2021-10-28,7.23,,37,61.83,74.0,398.59,10,Rainy
26,1,Chapati & Vegetables,2021-11-05,8.22,,48,84.21,53.38,392.55,6,Rainy
27,1,Chapati & Vegetables,2021-09-23,7.84,Good,97,75.43,69.6,364.51,0,Rainy
28,1,Chapati & Vegetables,2021-03-27,9.42,Average,43,81.76,69.19,319.97,2,Warm
29,1,Idli & Sambar,2021-09-20,8.77,Average,62,67.02,60.8,389.16,0,Rainy
30,1,Idli & Sambar,2021-04-26,6.89,Average,116,67.7,69.76,230.31,0,Warm
31,1,Pulao,2021-06-26,8.24,Good,116,72.15,73.56,250.99,10,Hot
32,1,Rice & Dal,2021-01-09,8.76,,97,60.33,73.29,409.89,1,Cold
33,1,Chapati & Vegetables,2021-04-13,8.39,,30,69.2,70.83,495.21,3,Warm
34,1,Khichdi,2021-11-07,7.77,Good,100,68.19,60.86,219.71,7,Rainy
35,1,Chapati & Vegetables,2021-12-17,7.34,Good,31,75.85,65.77,244.88,2,Cold
36,1,Rice & Dal,2021-09-28,7.51,Good,73,72.97,56.61,247.66,7,Rainy
37,1,Idli & Sambar,2021-04-05,6.23,,83,89.35,69.74,311.28,0,Warm
38,1,Idli & Sambar,2021-08-16,9.62,Average,68,72.41,69.13,282.88,10,Hot
39,1,Khichdi,2021-09-24,6.70,Good,111,62.77,64.02,223.27,3,Rainy
40,1,Chapati & Vegetables,2021-09-18,8.89,Average,40,83.88,65.88,234.75,0,Rainy
41,1,Rice & Dal,2021-08-09,9.52,Average,39,71.79,64.35,300.46,2,Hot
42,1,Chapati & Vegetables,2021-03-01,9.13,Good,53,-64.36,71.37,494.19,3,Warm
43,1,Pulao,2021-10-16,7.10,Average,113,61.24,74.9,335.5,9,Rainy
44,1,Pulao,2021-07-02,8.39,Average,120,80.59,64.83,278.13,10,Hot
45,1,Khichdi,2021-09-12,7.35,Good,69,68.27,50.16,373.39,1,Rainy
46,1,Rice & Dal,2021-11-09,6.02,Good,42,68.48,63.74,410.37,9,Rainy
47,1,Chapati & Vegetables,2021-12-02,9.01,Average,104,89.88,62.27,271.32,1,Cold
48,1,Idli & Sambar,2021-12-11,6.41,Good,80,74.53,62.1,330.01,4,Cold
49,1,Khichdi,2021-10-11,10.05,,54,67.2,50.98,435.22,10,Rainy
50,1,Pulao,2021-06-18,7.30,Poor,101,67.79,67.47,403.68,2,Hot
51,1,Khichdi,2021-05-04,6.53,Average,116,86.2,67.05,382.57,1,Warm
52,1,Khichdi,2021-09-24,7.42,Poor,59,86.39,50.76,442.71,0,Rainy
53,1,Idli & Sambar,2021-09-26,6.41,,116,78.62,64.52,260.0,0,Rainy
54,1,Pulao,2021-05-21,8.95,Poor,84,69.08,55.05,226.62,5,Warm
55,1,Chapati & Vegetables,2021-07-24,9.09,Good,48,71.91,59.71,219.58,8,Hot
56,1,Idli & Sambar,2021-07-10,8.86,Good,95,86.58,71.12,430.55,0,Hot
57,1,Rice & Dal,2021-04-19,9.20,Good,32,85.83,61.97,299.55,4,Warm
58,1,Chapati & Vegetables,2021-07-28,7.62,,72,62.7,61.66,438.85,4,Hot
59,1,Chapati & Vegetables,2021-06-08,6.56,Good,86,62.16,70.72,343.93,0,Hot
60,1,Chapati & Vegetables,2021-06-26,6.81,Average,110,87.87,65.32,499.92,9,Hot
61,1,Pulao,2021-03-27,8.51,Average,63,75.21,61.47,456.24,2,Warm
62,1,Idli & Sambar,2021-11-01,7.13,Average,89,61.54,67.0,326.42,10,Rainy
63,1,Khichdi,2021-04-14,8.11,,109,76.37,61.05,297.52,2,Warm
64,1,Khichdi,2021-06-16,5.72,Good,88,85.11,51.65,221.7,2,Hot
65,1,Pulao,2021-10-18,7.87,Good,98,64.19,60.13,238.68,0,Rainy
66,1,Rice & Dal,2021-05-14,9.26,Good,110,68.64,66.26,477.16,1,Warm
67,1,Rice & Dal,2021-05-05,7.70,Average,69,0.0,65.31,220.08,4,Warm
68,1,Rice & Dal,2021-04-04,6.87,Average,33,63.25,71.68,461.33,3,Warm
69,1,Khichdi,2021-03-15,6.34,Poor,78,75.01,68.71,447.48,1,Warm
70,1,Pulao,2021-04-14,5.96,Good,49,61.01,62.68,232.13,5,Warm
71,1,Pulao,2021-10-13,8.64,,119,66.57,74.0,267.45,0,Rainy
72,1,Chapati & Vegetables,2021-02-07,6.08,Good,89,88.16,51.11,352.72,2,Cold
73,1,Chapati & Vegetables,2021-03-18,9.50,Poor,77,76.97,66.51,232.41,3,Warm
74,1,Rice & Dal,2021-03-06,7.95,Poor,46,85.6,72.65,230.03,4,Warm
75,1,Rice & Dal,2021-10-05,8.47,,82,76.43,73.0,300.08,9,Rainy
76,1,Pulao,2021-03-01,8.27,,42,86.68,53.5,360.33,1,Warm
77,1,Pulao,2021-01-05,8.06,Good,112,85.13,61.87,242.64,0,Cold
78,1,Chapati & Vegetables,2021-03-08,8.42,Average,72,70.02,71.78,298.92,5,Warm
79,1,Khichdi,2021-03-23,5.87,Good,94,65.53,54.3,427.4,0,Warm
80,1,Rice & Dal,2021-04-09,6.89,Average,33,83.39,56.89,468.73,4,Warm
81,1,Idli & Sambar,2021-04-08,8.54,Poor,46,76.22,74.33,369.88,0,Warm
82,1,Pulao,2021-06-17,6.76,Good,48,61.5,52.94,253.5,3,Hot
83,1,Chapati & Vegetables,2021-01-09,9.10,Average,52,77.17,69.56,414.08,3,Cold
84,1,Rice & Dal,2021-01-20,8.62,,106,-78.4,66.56,449.95,4,Cold
85,1,Rice & Dal,2021-09-22,7.62,Poor,72,83.58,57.16,366.88,4,Rainy
86,1,Chapati & Vegetables,2021-01-19,8.73,Poor,47,63.72,72.83,219.89,5,Cold
87,1,Pulao,2021-01-01,6.50,Poor,86,71.61,61.38,351.61,2,Cold
88,1,Idli & Sambar,2021-10-07,8.05,Poor,32,85.37,62.81,261.48,1,Rainy
89,1,Idli & Sambar,2021-12-06,6.90,Poor,106,74.11,55.34,382.42,4,Cold
90,1,Chapati & Vegetables,2021-11-17,7.93,Average,72,64.41,60.67,495.91,8,Rainy
91,1,Idli & Sambar,2021-05-10,7.94,Good,104,82.67,53.09,497.33,1,Warm
92,1,Rice & Dal,2021-07-19,7.08,Good,48,86.36,58.39,463.62,6,Hot
93,1,Rice & Dal,2021-08-08,6.57,Average,114,63.77,51.39,376.39,2,Hot
94,1,Chapati & Vegetables,2021-12-16,5.76,Good,118,76.81,59.7,212.66,3,Cold
95,1,Khichdi,2021-04-27,7.51,Good,30,85.91,70.69,307.96,1,Warm
96,1,Idli & Sambar,2021-02-22,7.25,Average,73,-86.52,59.0,393.34,4,Cold
97,1,Pulao,2021-08-25,7.56,Poor,116,66.29,65.63,322.92,8,Hot
98,1,Rice & Dal,2021-12-13,8.23,Poor,51,84.43,61.87,310.13,4,Cold
99,1,Chapati & Vegetables,2021-11-13,7.65,Good,102,60.34,59.87,463.54,2,Rainy
100,1,Pulao,2021-02-10,8.24,Poor,42,62.0,66.38,377.86,1,Cold
101,1,Idli & Sambar,2021-02-07,7.48,Poor,44,73.04,64.07,273.57,3,Cold
102,1,Chapati & Vegetables,2021-07-18,5.80,Poor,64,64.26,74.89,497.52,9,Hot
103,1,Khichdi,2021-12-01,6.73,Poor,60,79.36,59.79,335.18,1,Cold
104,1,Idli & Sambar,2021-11-21,8.46,,105,84.37,66.29,388.22,8,Rainy
105,1,Idli & Sambar,2021-05-10,7.91,,71,69.97,60.24,360.71,2,Warm
106,1,Rice & Dal,2021-06-27,8.61,Good,55,66.18,53.5,480.11,10,Hot
107,1,Idli & Sambar,2021-12-02,6.30,Poor,103,71.95,65.18,479.23,1,Cold
108,1,Chapati & Vegetables,2021-06-03,5.48,Average,43,71.36,61.19,209.52,8,Hot
109,1,Khichdi,2021-01-08,7.20,Good,116,71.21,56.17,392.96,1,Cold
110,1,Rice & Dal,2021-06-15,8.71,Good,88,70.8,61.21,407.29,2,Hot
111,1,Idli & Sambar,2021-10-01,6.85,Good,52,-85.45,60.76,419.16,5,Rainy
112,1,Khichdi,2021-04-16,8.64,Poor,117,77.69,66.29,397.2,2,Warm
113,1,Idli & Sambar,2021-06-03,7.06,,70,80.05,70.27,495.67,7,Hot
114,1,Rice & Dal,2021-05-08,8.16,Average,107,66.02,51.93,313.24,5,Warm
115,1,Rice & Dal,2021-02-23,6.79,Poor,41,70.67,66.34,383.37,2,Cold
116,1,Chapati & Vegetables,2021-01-17,6.18,Poor,92,73.86,56.9,475.86,5,Cold
117,1,Khichdi,2021-01-06,6.71,Poor,45,68.83,69.57,232.17,1,Cold
118,1,Khichdi,2021-08-18,8.07,Poor,73,68.8,56.99,225.42,10,Hot
119,1,Khichdi,2021-04-18,7.51,Average,59,64.46,70.06,461.96,2,Warm
120,1,Chapati & Vegetables,2021-04-21,6.85,Average,77,-79.82,71.15,364.27,2,Warm
121,1,Rice & Dal,2021-12-01,9.16,Poor,95,76.75,63.91,265.31,3,Cold
122,1,Idli & Sambar,2021-08-03,7.82,Average,50,73.95,68.55,225.25,4,Hot
123,1,Pulao,2021-03-06,6.12,Poor,53,71.2,53.46,479.27,4,Warm
124,1,Chapati & Vegetables,2021-08-23,8.86,Poor,74,89.37,54.67,373.3,5,Hot
125,1,Rice & Dal,2021-04-15,8.27,Good,32,81.65,58.45,312.61,1,Warm
126,1,Chapati & Vegetables,2021-11-26,7.12,Poor,62,60.04,63.08,453.54,9,Rainy
127,1,Chapati & Vegetables,2021-05-12,8.60,,103,82.18,55.89,257.43,1,Warm
128,1,Khichdi,2021-11-17,8.22,Poor,39,89.53,58.37,422.15,9,Rainy
129,1,Chapati & Vegetables,2021-04-28,7.13,Good,68,78.98,62.92,452.64,1,Warm
130,1,Chapati & Vegetables,2021-10-19,7.14,Average,95,75.54,66.85,269.61,5,Rainy
131,1,Pulao,2021-03-08,7.43,,112,75.72,56.14,420.22,3,Warm
132,1,Rice & Dal,2021-11-03,7.70,Average,47,0.0,65.06,269.66,7,Rainy
133,1,Rice & Dal,2021-09-07,6.39,,85,65.44,63.3,460.31,7,Rainy
134,1,Idli & Sambar,2021-06-06,9.11,Poor,35,69.09,74.09,369.74,3,Hot
135,1,Khichdi,2021-12-10,10.17,Good,95,79.68,64.37,287.03,0,Cold
136,1,Idli & Sambar,2021-03-03,6.83,Poor,64,86.85,64.2,459.24,3,Warm
137,1,Khichdi,2021-09-23,7.86,,54,88.9,64.6,210.39,7,Rainy
138,1,Khichdi,2021-10-12,9.83,,112,69.0,62.01,339.15,4,Rainy
139,1,Idli & Sambar,2021-02-22,7.24,,92,66.01,66.56,405.54,4,Cold
140,1,Pulao,2021-06-22,7.22,Good,31,66.52,72.84,420.29,3,Hot
141,1,Chapati & Vegetables,2021-01-20,7.89,Good,84,74.47,60.31,201.72,2,Cold
142,1,Chapati & Vegetables,2021-03-23,6.87,Good,87,78.97,61.27,271.29,4,Warm
143,1,Rice & Dal,2021-11-03,7.31,Good,113,70.7,62.97,294.25,2,Rainy
144,1,Pulao,2021-08-22,6.31,Poor,102,62.39,51.76,477.94,4,Hot
145,1,Rice & Dal,2021-07-18,7.18,Poor,95,68.1,62.51,300.89,1,Hot
146,1,Rice & Dal,2021-01-11,6.76,Average,89,88.71,58.21,491.72,5,Cold
147,1,Khichdi,2021-04-05,5.78,,90,75.42,66.71,205.18,2,Warm
148,1,Rice & Dal,2021-02-13,6.42,Poor,35,71.77,67.77,457.44,5,Cold
149,1,Rice & Dal,2021-06-12,9.79,Good,33,86.43,63.04,265.48,8,Hot
150,1,Pulao,2021-05-18,6.50,Poor,104,88.45,60.26,218.55,3,Warm
151,1,Idli & Sambar,2021-09-21,6.76,Poor,96,61.51,58.88,436.19,1,Rainy
152,1,Pulao,2021-09-10,8.29,,117,81.06,62.53,386.17,2,Rainy
153,1,Rice & Dal,2021-10-04,6.58,,99,72.9,61.2,376.66,10,Rainy
154,1,Idli & Sambar,2021-11-16,7.65,Good,111,86.98,73.35,310.36,2,Rainy
155,1,Khichdi,2021-04-28,8.64,,40,61.35,57.46,287.38,2,Warm
156,1,Khichdi,2021-04-23,6.46,Poor,70,61.63,61.39,457.06,5,Warm
157,1,Chapati & Vegetables,2021-07-02,6.11,Poor,31,83.04,62.85,299.73,4,Hot
158,1,Khichdi,2021-11-27,9.78,Average,30,82.13,60.04,203.55,7,Rainy
159,1,Idli & Sambar,2021-10-20,5.56,Poor,43,60.43,60.72,483.21,4,Rainy
160,1,Idli & Sambar,2021-07-18,8.28,Average,71,83.88,74.9,235.71,4,Hot
161,1,Chapati & Vegetables,2021-04-09,9.11,Average,73,78.15,72.08,451.03,1,Warm
162,1,Khichdi,2021-09-07,8.11,Average,80,70.76,54.62,282.67,4,Rainy
163,1,Chapati & Vegetables,2021-02-10,6.25,,115,86.56,58.93,435.81,5,Cold
164,1,Pulao,2021-12-18,9.87,Average,71,66.32,52.96,205.53,5,Cold
165,1,Khichdi,2021-09-26,9.69,Poor,112,70.09,61.32,201.66,9,Rainy
166,1,Pulao,2021-11-14,6.17,Average,104,68.04,52.34,294.64,4,Rainy
167,1,Khichdi,2021-06-12,5.82,,64,87.87,68.17,339.0,5,Hot
168,1,Pulao,2021-10-21,8.84,,90,70.21,53.97,443.07,5,Rainy
169,1,Chapati & Vegetables,2021-10-27,9.98,Poor,73,87.2,50.97,278.03,3,Rainy
170,1,Chapati & Vegetables,2021-09-26,7.39,Good,93,69.69,74.81,372.28,2,Rainy
171,1,Idli & Sambar,2021-06-20,9.52,Poor,103,77.9,72.75,452.58,4,Hot
172,1,Pulao,2021-07-22,8.64,Good,61,66.23,66.17,474.16,8,Hot
173,1,Pulao,2021-12-16,7.67,Poor,32,83.42,60.54,348.45,4,Cold
174,1,Idli & Sambar,2021-11-07,8.08,Average,95,75.89,50.78,259.57,9,Rainy
175,1,Khichdi,2021-11-06,8.32,,67,69.8,59.22,207.46,5,Rainy
176,1,Rice & Dal,2021-06-17,7.50,Good,70,83.79,71.56,319.05,4,Hot
177,1,Chapati & Vegetables,2021-11-03,7.27,Average,34,63.62,66.21,433.7,10,Rainy
178,1,Chapati & Vegetables,2021-05-03,8.35,Good,81,69.93,59.36,287.32,2,Warm
179,1,Rice & Dal,2021-02-08,6.67,Good,32,63.41,58.76,499.27,3,Cold
180,1,Chapati & Vegetables,2021-09-01,9.92,,86,66.28,65.37,329.09,5,Rainy
181,1,Rice & Dal,2021-01-12,6.24,Good,88,83.85,71.71,419.06,1,Cold
182,1,Chapati & Vegetables,2021-02-28,7.21,Good,55,67.45,71.58,483.83,1,Cold
183,1,Pulao,2021-03-08,7.94,Good,74,64.04,58.3,437.01,5,Warm
184,1,Pulao,2021-02-05,6.66,Poor,94,67.63,55.6,442.87,1,Cold
185,1,Khichdi,2021-07-20,7.34,Poor,45,70.15,62.09,218.04,0,Hot
186,1,Pulao,2021-04-28,9.96,Average,80,63.06,71.06,230.98,4,Warm
187,1,Rice & Dal,2021-08-11,9.39,Poor,56,0.0,58.31,485.76,7,Hot
188,1,Chapati & Vegetables,2021-11-28,9.69,,106,79.28,67.89,267.64,4,Rainy
189,1,Chapati & Vegetables,2021-04-14,6.95,Poor,120,64.74,63.76,489.63,0,Warm
190,1,Idli & Sambar,2021-06-21,9.11,Average,73,82.51,73.39,480.83,9,Hot
191,1,Chapati & Vegetables,2021-12-08,5.95,,120,85.4,51.53,218.43,2,Cold
192,1,Pulao,2021-04-22,6.90,Poor,119,81.96,62.75,428.07,3,Warm
193,1,Pulao,2021-06-06,6.79,Good,74,69.43,55.01,309.04,8,Hot
194,1,Idli & Sambar,2021-08-24,8.17,,55,82.33,74.14,233.12,9,Hot
195,1,Chapati & Vegetables,2021-02-20,8.84,Good,40,69.56,59.89,494.47,5,Cold
196,1,Rice & Dal,2021-11-26,6.68,Poor,118,73.3,50.19,256.66,2,Rainy
197,1,Rice & Dal,2021-09-23,7.42,Average,82,80.53,56.1,308.28,7,Rainy
198,1,Rice & Dal,2021-01-24,7.43,Good,92,83.5,54.97,387.21,5,Cold
199,1,Pulao,2021-01-10,9.00,Poor,97,65.75,50.82,490.31,0,Cold
200,1,Khichdi,2021-01-27,7.53,Average,42,66.74,50.52,472.01,5,Cold
201,1,Rice & Dal,2021-03-04,7.62,Poor,103,76.32,65.94,482.37,5,Warm
202,1,Khichdi,2021-06-06,6.28,Average,36,81.53,66.11,397.79,8,Hot
203,1,Chapati & Vegetables,2021-02-01,7.98,Poor,56,88.18,60.87,252.15,0,Cold
204,1,Chapati & Vegetables,2021-01-03,8.99,Poor,33,88.64,62.84,341.46,3,Cold
205,1,Pulao,2021-09-15,5.89,,103,68.71,51.47,279.1,8,Rainy
206,1,Pulao,2021-06-28,6.16,Good,75,67.17,66.79,347.36,9,Hot
207,1,Rice & Dal,2021-10-18,7.13,Average,118,75.42,60.13,245.96,7,Rainy
208,1,Rice & Dal,2021-01-24,6.84,Average,50,72.37,61.92,242.01,3,Cold
209,1,Chapati & Vegetables,2021-01-14,9.08,Poor,111,65.61,72.6,438.09,2,Cold
210,1,Idli & Sambar,2021-04-02,9.27,Poor,31,76.95,56.67,464.74,4,Warm
211,1,Pulao,2021-05-20,7.29,,65,74.68,58.31,447.34,3,Warm
212,1,Pulao,2021-07-06,6.90,Poor,95,60.73,62.29,366.33,0,Hot
213,1,Chapati & Vegetables,2021-01-16,9.10,Good,116,85.16,50.36,207.5,0,Cold
214,1,Khichdi,2021-09-25,6.69,Poor,101,69.21,50.95,339.88,4,Rainy
215,1,Idli & Sambar,2021-02-17,6.50,,38,79.64,57.11,241.81,2,Cold
216,1,Rice & Dal,2021-09-16,8.34,Good,40,80.86,56.33,405.11,6,Rainy
217,1,Rice & Dal,2021-11-28,7.57,,108,88.33,52.2,272.29,5,Rainy
218,1,Rice & Dal,2021-05-06,6.16,Average,96,66.75,55.26,449.62,2,Warm
219,1,Pulao,2021-07-19,6.35,Poor,36,64.69,54.6,369.03,1,Hot
220,1,Chapati & Vegetables,2021-03-04,7.48,Good,58,66.4,67.74,386.9,3,Warm
221,1,Idli & Sambar,2021-08-08,7.63,Poor,61,78.15,62.27,255.77,5,Hot
222,1,Rice & Dal,2021-06-14,8.67,Good,88,78.81,53.13,369.84,4,Hot
223,1,Khichdi,2021-11-27,8.39,Average,118,77.26,72.37,416.11,4,Rainy
224,1,Khichdi,2021-01-14,7.90,Poor,52,72.26,73.02,340.46,1,Cold
225,1,Khichdi,2021-07-28,8.16,Average,96,77.43,59.03,470.97,5,Hot
226,1,Chapati & Vegetables,2021-08-14,8.78,Average,83,68.38,59.93,205.78,7,Hot
227,1,Rice & Dal,2021-08-07,6.68,,105,67.69,73.13,281.96,4,Hot
228,1,Idli & Sambar,2021-06-10,9.06,Good,104,86.41,59.54,273.76,7,Hot
229,1,Rice & Dal,2021-04-24,6.25,,94,65.81,62.17,265.45,3,Warm
230,1,Pulao,2021-07-08,8.68,Poor,116,73.09,72.33,385.01,7,Hot
231,1,Rice & Dal,2021-03-13,8.42,Average,48,81.68,64.88,394.2,4,Warm
232,1,Idli & Sambar,2021-04-18,7.81,Average,80,64.6,58.24,282.83,5,Warm
233,1,Pulao,2021-01-19,6.95,Poor,75,82.64,73.05,352.96,2,Cold
234,1,Idli & Sambar,2021-10-28,8.15,Poor,93,64.64,53.16,291.44,0,Rainy
235,1,Rice & Dal,2021-12-27,6.46,Average,42,76.36,71.34,426.98,3,Cold
236,1,Khichdi,2021-08-03,5.66,,47,80.87,66.79,328.07,0,Hot
237,1,Chapati & Vegetables,2021-11-11,8.62,Good,109,-61.13,61.01,212.49,10,Rainy
238,1,Chapati & Vegetables,2021-04-10,9.21,Average,104,82.24,56.26,389.92,2,Warm
239,1,Idli & Sambar,2021-07-13,7.40,Poor,84,80.82,51.44,286.89,6,Hot
240,1,Idli & Sambar,2021-11-17,5.94,,117,61.23,57.48,487.99,0,Rainy
241,1,Khichdi,2021-06-09,7.80,Average,75,86.57,63.67,495.31,0,Hot
242,1,Chapati & Vegetables,2021-01-17,7.30,Poor,74,85.08,68.96,436.19,5,Cold
243,1,Chapati & Vegetables,2021-08-01,8.89,Poor,83,88.5,53.25,361.48,6,Hot
244,1,Rice & Dal,2021-12-09,8.63,Average,97,70.12,52.42,484.11,3,Cold
245,1,Rice & Dal,2021-02-01,8.61,,60,77.88,72.21,266.53,5,Cold
246,1,Khichdi,2021-02-06,7.52,,57,76.9,61.31,423.22,5,Cold
247,1,Pulao,2021-02-20,7.65,Poor,97,81.88,55.18,462.26,1,Cold
248,1,Idli & Sambar,2021-07-21,9.00,Average,110,60.99,54.08,312.57,7,Hot
249,1,Chapati & Vegetables,2021-07-03,5.91,Poor,79,74.4,70.26,243.92,4,Hot
250,1,Chapati & Vegetables,2021-03-26,9.45,Average,111,64.35,61.15,448.96,1,Warm
251,1,Khichdi,2021-08-17,8.70,Poor,84,75.51,51.51,300.52,7,Hot
252,1,Idli & Sambar,2021-08-17,6.86,Average,108,72.19,53.16,466.1,6,Hot
253,1,Khichdi,2021-12-21,6.99,Average,91,84.32,55.29,498.03,3,Cold
254,1,Idli & Sambar,2021-09-08,8.49,Poor,95,63.94,70.49,276.68,6,Rainy
255,1,Chapati & Vegetables,2021-03-16,9.19,Good,36,80.68,51.69,308.32,3,Warm
256,1,Pulao,2021-06-09,8.33,Poor,104,78.1,55.88,425.1,5,Hot
257,1,Pulao,2021-09-18,6.36,Average,61,89.8,71.0,384.16,3,Rainy
258,1,Khichdi,2021-05-23,6.89,Average,114,62.64,69.44,367.96,4,Warm
259,1,Khichdi,2021-10-25,8.12,Average,35,0.0,74.09,215.24,8,Rainy
260,1,Rice & Dal,2021-02-21,9.12,Good,43,84.08,52.64,377.77,1,Cold
261,1,Idli & Sambar,2021-04-21,9.13,Poor,51,-67.34,71.4,423.51,3,Warm
262,1,Rice & Dal,2021-07-07,6.80,Good,34,64.56,68.21,303.65,7,Hot
263,1,Idli & Sambar,2021-08-09,9.35,Poor,108,62.23,51.99,442.31,6,Hot
264,1,Khichdi,2021-06-20,6.26,Poor,60,73.03,68.11,487.66,3,Hot
265,1,Pulao,2021-01-11,8.64,Poor,44,73.18,64.68,319.93,3,Cold
266,1,Rice & Dal,2021-04-24,8.69,Average,87,80.01,65.34,458.57,4,Warm
267,1,Rice & Dal,2021-04-26,8.63,Average,114,62.11,56.57,466.79,0,Warm
268,1,Chapati & Vegetables,2021-05-08,6.93,Good,85,64.78,51.36,310.6,5,Warm
269,1,Khichdi,2021-06-02,5.61,Poor,87,77.34,69.58,366.93,8,Hot
270,1,Pulao,2021-01-13,8.62,,85,-65.43,59.94,413.25,3,Cold
271,1,Khichdi,2021-04-12,5.90,Poor,105,60.1,59.61,240.24,3,Warm
272,1,Idli & Sambar,2021-05-11,6.12,Average,49,71.68,59.24,499.95,0,Warm
273,1,Rice & Dal,2021-03-10,7.23,Average,94,89.62,61.16,255.97,1,Warm
274,1,Idli & Sambar,2021-04-03,6.63,Good,44,-69.76,63.7,313.67,1,Warm
275,1,Idli & Sambar,2021-11-27,8.26,Poor,52,86.3,63.69,339.69,8,Rainy
276,1,Khichdi,2021-01-08,8.06,Poor,102,86.7,55.37,280.76,4,Cold
277,1,Idli & Sambar,2021-12-13,7.59,Good,35,60.4,51.81,465.1,1,Cold
278,1,Rice & Dal,2021-02-16,8.61,,36,77.6,51.99,282.24,4,Cold
279,1,Pulao,2021-07-14,7.66,Average,40,77.17,63.87,213.7,9,Hot
280,1,Rice & Dal,2021-02-22,7.13,Poor,62,64.93,54.12,288.57,2,Cold
281,1,Chapati & Vegetables,2021-12-16,5.61,Poor,110,85.43,50.6,399.57,3,Cold
282,1,Chapati & Vegetables,2021-09-21,6.76,Average,95,64.21,70.8,212.36,1,Rainy
283,1,Idli & Sambar,2021-01-09,6.40,,65,74.38,73.44,301.7,3,Cold
284,1,Pulao,2021-05-21,7.34,Good,117,81.57,60.35,406.72,1,Warm
285,1,Idli & Sambar,2021-08-03,7.55,,112,0.0,55.21,368.06,0,Hot
286,1,Khichdi,2021-11-03,9.07,,94,66.73,60.63,482.96,8,Rainy
287,1,Chapati & Vegetables,2021-04-03,8.99,Good,119,72.33,51.75,359.06,4,Warm
288,1,Idli & Sambar,2021-05-05,6.12,Poor,46,64.81,53.06,491.87,5,Warm
289,1,Chapati & Vegetables,2021-12-17,7.28,Average,116,73.84,70.61,289.28,0,Cold
290,1,Rice & Dal,2021-11-05,8.48,Good,40,72.37,55.77,482.14,5,Rainy
291,1,Idli & Sambar,2021-03-11,8.83,Average,31,67.51,66.25,378.84,1,Warm
292,1,Chapati & Vegetables,2021-04-24,9.33,,45,83.74,72.45,297.49,2,Warm
293,1,Khichdi,2021-10-10,8.30,Poor,70,67.84,71.2,238.51,5,Rainy
294,1,Rice & Dal,2021-12-28,9.00,Poor,67,75.83,52.12,414.5,0,Cold
295,1,Rice & Dal,2021-10-28,5.53,Good,106,88.63,69.79,245.76,4,Rainy
296,1,Pulao,2021-11-10,8.03,Average,82,80.61,56.83,204.69,9,Rainy
297,1,Pulao,2021-07-06,7.31,Poor,34,60.63,58.75,286.73,0,Hot
298,1,Idli & Sambar,2021-01-16,6.26,,52,67.43,51.23,228.14,3,Cold
299,1,Idli & Sambar,2021-10-08,6.37,Poor,96,85.09,54.63,379.27,2,Rainy
300,1,Idli & Sambar,2021-04-22,8.40,Average,96,83.54,54.43,291.14,5,Warm
301,2,Chapati & Vegetables,2021-06-10,8.67,Poor,83,84.69,63.79,480.62,3,Hot
302,2,Khichdi,2021-05-06,7.59,Poor,56,66.99,50.71,271.19,3,Warm
303,2,Rice & Dal,2021-11-11,8.97,Good,87,75.82,73.45,220.52,9,Rainy
304,2,Khichdi,2021-10-07,8.27,Average,39,89.88,67.51,441.25,8,Rainy
305,2,Chapati & Vegetables,2021-02-22,5.84,,34,64.8,64.34,375.55,0,Cold
306,2,Chapati & Vegetables,2021-04-20,7.56,Poor,79,73.91,59.55,316.55,3,Warm
307,2,Rice & Dal,2021-08-21,8.22,Average,39,80.58,60.11,457.16,0,Hot
308,2,Idli & Sambar,2021-10-27,9.04,Good,102,69.85,53.46,438.68,4,Rainy
309,2,Khichdi,2021-10-26,9.24,Poor,68,75.55,57.16,277.73,9,Rainy
310,2,Rice & Dal,2021-11-12,5.64,,40,66.45,71.12,364.55,9,Rainy
311,2,Khichdi,2021-05-07,8.98,Poor,84,65.0,55.85,454.56,0,Warm
312,2,Chapati & Vegetables,2021-05-07,6.36,Average,91,72.9,71.56,311.08,0,Warm
313,2,Chapati & Vegetables,2021-04-12,6.51,Good,92,87.82,61.53,288.9,5,Warm
314,2,Pulao,2021-12-20,8.50,,104,65.24,69.52,457.26,1,Cold
315,2,Chapati & Vegetables,2021-11-23,9.60,Good,87,71.71,64.62,469.29,7,Rainy
316,2,Pulao,2021-05-06,6.79,,36,78.28,73.74,334.43,1,Warm
317,2,Rice & Dal,2021-06-12,8.60,Good,94,64.54,67.4,496.0,0,Hot
318,2,Pulao,2021-11-05,7.82,Poor,46,75.03,69.73,256.44,2,Rainy
319,2,Rice & Dal,2021-12-01,8.72,Poor,88,78.41,72.87,263.75,3,Cold
320,2,Khichdi,2021-12-12,6.94,,70,84.49,61.79,451.06,4,Cold
321,2,Pulao,2021-02-24,8.90,,61,84.13,71.13,293.79,2,Cold
322,2,Chapati & Vegetables,2021-08-08,8.66,Good,120,77.67,65.89,442.47,0,Hot
323,2,Pulao,2021-05-03,8.58,Average,87,65.91,50.87,307.27,5,Warm
324,2,Pulao,2021-10-12,6.70,,73,83.42,66.11,210.32,0,Rainy
325,2,Rice & Dal,2021-07-25,9.00,Good,119,64.79,67.97,378.13,0,Hot
326,2,Rice & Dal,2021-10-16,8.64,Poor,55,61.15,52.56,472.82,6,Rainy
327,2,Pulao,2021-09-02,6.33,Poor,74,84.46,71.7,261.3,0,Rainy
328,2,Pulao,2021-04-13,6.23,Average,111,85.31,60.44,453.95,4,Warm
329,2,Rice & Dal,2021-12-18,7.98,Poor,37,88.9,53.74,389.53,0,Cold
330,2,Pulao,2021-03-15,7.77,Poor,49,71.55,69.96,399.96,2,Warm
331,2,Chapati & Vegetables,2021-09-25,6.71,Good,65,78.42,51.31,306.3,1,Rainy
332,2,Rice & Dal,2021-01-21,9.01,,66,76.61,65.96,472.05,0,Cold
333,2,Idli & Sambar,2021-11-15,7.20,,76,65.67,55.58,359.22,1,Rainy
334,2,Pulao,2021-06-12,5.55,Good,59,84.1,65.84,376.48,7,Hot
335,2,Chapati & Vegetables,2021-04-25,7.12,,50,83.34,58.58,387.64,4,Warm
336,2,Rice & Dal,2021-05-18,7.16,Good,62,61.16,56.39,488.2,0,Warm
337,2,Rice & Dal,2021-03-25,6.41,,48,87.12,61.5,345.89,0,Warm
338,2,Pulao,2021-12-12,7.14,Average,108,72.06,60.47,402.66,5,Cold
339,2,Pulao,2021-06-11,7.79,Poor,60,74.95,54.55,461.4,4,Hot
340,2,Idli & Sambar,2021-04-21,8.03,Good,81,83.32,71.96,275.02,5,Warm
341,2,Rice & Dal,2021-12-13,8.04,Average,74,62.89,64.04,301.9,3,Cold
342,2,Idli & Sambar,2021-10-26,6.68,,92,74.64,59.16,218.85,2,Rainy
343,2,Khichdi,2021-06-19,8.43,,93,62.72,54.7,402.42,5,Hot
344,2,Idli & Sambar,2021-09-24,7.45,Average,118,61.85,62.5,288.03,2,Rainy
345,2,Pulao,2021-01-11,6.35,Average,76,76.9,61.78,303.18,0,Cold
346,2,Idli & Sambar,2021-10-12,6.03,Average,60,80.65,51.74,230.1,7,Rainy
347,2,Idli & Sambar,2021-10-27,7.76,Average,49,84.27,59.54,228.21,4,Rainy
348,2,Khichdi,2021-01-20,9.28,Average,90,61.99,57.77,203.87,1,Cold
349,2,Rice & Dal,2021-09-21,7.11,Poor,61,70.67,53.8,353.54,8,Rainy
350,2,Rice & Dal,2021-08-04,8.68,Poor,51,61.44,50.33,481.11,9,Hot
351,2,Idli & Sambar,2021-07-19,8.11,Good,68,86.25,60.61,280.5,2,Hot
352,2,Khichdi,2021-09-10,7.45,Average,118,73.62,54.06,445.62,9,Rainy
353,2,Rice & Dal,2021-09-06,8.44,Average,48,69.37,72.26,285.63,9,Rainy
354,2,Chapati & Vegetables,2021-11-19,9.47,,67,72.59,54.93,250.18,7,Rainy
355,2,Khichdi,2021-01-11,9.28,,44,65.4,67.88,441.25,3,Cold
356,2,Khichdi,2021-04-06,8.71,Good,67,74.93,51.42,369.74,5,Warm
357,2,Pulao,2021-09-28,6.60,Average,46,65.21,62.96,441.42,5,Rainy
358,2,Idli & Sambar,2021-08-28,6.72,,34,70.69,64.89,339.89,4,Hot
359,2,Chapati & Vegetables,2021-10-01,7.80,,107,72.42,65.39,424.64,7,Rainy
360,2,Chapati & Vegetables,2021-07-02,6.36,Good,115,83.2,60.25,486.03,4,Hot
361,2,Khichdi,2021-02-25,9.64,Average,39,65.59,69.91,428.5,3,Cold
362,2,Rice & Dal,2021-12-22,7.75,Average,79,74.0,72.27,448.7,2,Cold
363,2,Chapati & Vegetables,2021-07-26,5.71,Average,106,80.14,70.47,221.84,4,Hot
364,2,Chapati & Vegetables,2021-05-28,5.92,Average,52,81.04,67.96,481.53,2,Warm
365,2,Idli & Sambar,2021-08-13,6.44,Average,75,83.75,71.13,439.45,1,Hot
366,2,Chapati & Vegetables,2021-09-24,8.13,Good,32,69.29,65.9,236.65,5,Rainy
367,2,Idli & Sambar,2021-06-22,7.17,Good,41,88.31,57.27,304.02,6,Hot
368,2,Chapati & Vegetables,2021-11-25,9.02,Good,90,69.9,64.7,343.84,5,Rainy
369,2,Chapati & Vegetables,2021-12-25,5.59,,102,80.75,53.38,419.88,4,Cold
370,2,Idli & Sambar,2021-05-05,7.74,,52,83.53,68.37,483.46,1,Warm
371,2,Khichdi,2021-03-23,6.39,Good,35,79.97,51.96,227.7,0,Warm
372,2,Pulao,2021-12-12,8.92,Poor,58,60.17,61.54,247.8,1,Cold
373,2,Khichdi,2021-06-16,8.65,Average,117,84.9,54.33,305.61,7,Hot
374,2,Idli & Sambar,2021-06-02,6.57,Average,67,78.87,62.11,466.88,10,Hot
375,2,Khichdi,2021-04-19,9.46,Poor,56,83.43,57.37,400.25,1,Warm
376,2,Pulao,2021-07-09,6.24,Good,88,82.69,73.12,331.52,5,Hot
377,2,Chapati & Vegetables,2021-06-25,6.81,Average,61,61.61,52.08,492.47,7,Hot
378,2,Rice & Dal,2021-04-25,7.10,Poor,30,61.99,68.07,217.48,4,Warm
379,2,Chapati & Vegetables,2021-06-22,6.31,Poor,114,61.51,71.07,316.87,3,Hot
380,2,Idli & Sambar,2021-04-24,9.30,Good,98,70.67,74.25,407.43,2,Warm
381,2,Rice & Dal,2021-01-05,5.86,Poor,35,80.02,63.55,371.45,2,Cold
382,2,Rice & Dal,2021-04-28,8.50,Good,39,66.18,54.85,240.18,3,Warm
383,2,Khichdi,2021-03-05,7.22,Poor,83,69.64,52.05,424.45,5,Warm
384,2,Idli & Sambar,2021-01-12,5.75,Poor,48,62.52,73.66,232.12,5,Cold
385,2,Chapati & Vegetables,2021-08-18,7.26,Average,94,72.45,56.58,384.76,8,Hot
386,2,Rice & Dal,2021-03-15,7.01,Poor,55,88.02,52.86,341.07,1,Warm
387,2,Rice & Dal,2021-02-28,6.22,Average,54,73.09,65.73,389.46,5,Cold
388,2,Rice & Dal,2021-02-22,5.57,Good,54,79.99,62.69,210.43,4,Cold
389,2,Rice & Dal,2021-07-11,8.77,Average,63,64.13,67.47,242.67,0,Hot
390,2,Pulao,2021-05-22,6.19,,68,65.03,68.45,479.15,5,Warm
391,2,Rice & Dal,2021-05-01,6.60,Poor,47,61.34,67.04,371.92,5,Warm
392,2,Pulao,2021-07-21,9.17,Poor,69,83.73,53.63,441.88,4,Hot
393,2,Chapati & Vegetables,2021-03-26,6.86,,81,63.72,69.49,452.3,0,Warm
394,2,Khichdi,2021-03-01,6.31,,108,60.72,57.28,483.86,5,Warm
395,2,Rice & Dal,2021-08-23,8.64,Poor,52,62.12,74.68,484.02,8,Hot
396,2,Idli & Sambar,2021-07-08,9.32,,60,60.87,54.68,392.88,10,Hot
397,2,Idli & Sambar,2021-09-02,8.92,,114,72.26,56.69,422.77,5,Rainy
398,2,Rice & Dal,2021-12-13,5.79,Poor,46,66.73,74.05,350.3,0,Cold
399,2,Rice & Dal,2021-11-02,6.92,,108,80.86,67.73,495.91,9,Rainy
400,2,Idli & Sambar,2021-10-16,7.55,Good,62,0.0,56.44,358.63,6,Rainy
401,2,Pulao,2021-11-14,7.09,,92,82.32,66.75,264.17,10,Rainy
402,2,Rice & Dal,2021-08-11,7.49,Poor,72,86.8,70.86,243.06,8,Hot
403,2,Khichdi,2021-08-10,8.43,,67,65.2,64.97,371.64,4,Hot
404,2,Chapati & Vegetables,2021-12-05,8.93,,77,60.63,73.65,381.51,4,Cold
405,2,Chapati & Vegetables,2021-01-01,8.89,Poor,31,73.31,57.11,383.92,1,Cold
406,2,Pulao,2021-03-04,9.27,Average,64,82.08,64.56,300.76,2,Warm
407,2,Chapati & Vegetables,2021-12-27,8.94,Good,52,73.58,73.81,200.32,4,Cold
408,2,Rice & Dal,2021-04-09,7.79,Poor,91,84.91,73.29,231.63,2,Warm
409,2,Pulao,2021-04-20,7.49,Average,88,79.63,60.51,290.78,1,Warm
410,2,Chapati & Vegetables,2021-06-11,7.03,Average,107,83.57,55.16,497.92,6,Hot
411,2,Chapati & Vegetables,2021-04-05,8.94,,80,68.42,69.75,417.84,3,Warm
412,2,Idli & Sambar,2021-08-06,7.06,Poor,74,64.05,54.15,324.62,5,Hot
413,2,Khichdi,2021-05-08,7.64,,34,89.57,73.85,491.36,0,Warm
414,2,Rice & Dal,2021-12-19,5.96,Good,67,77.14,68.67,322.07,1,Cold
415,2,Chapati & Vegetables,2021-09-26,9.51,,101,82.94,72.39,205.67,5,Rainy
416,2,Khichdi,2021-01-16,7.98,,63,69.63,50.61,241.72,3,Cold
417,2,Khichdi,2021-03-10,9.19,,103,76.17,61.68,462.47,5,Warm
418,2,Khichdi,2021-11-25,7.64,Poor,56,74.09,59.59,499.32,0,Rainy
419,2,Khichdi,2021-06-22,6.61,Good,32,66.75,55.74,246.98,7,Hot
420,2,Chapati & Vegetables,2021-06-26,8.31,Poor,67,70.84,61.24,415.59,2,Hot
421,2,Chapati & Vegetables,2021-03-16,6.54,Average,99,82.22,58.93,247.05,0,Warm
422,2,Rice & Dal,2021-09-22,8.42,Average,109,88.85,61.42,278.28,6,Rainy
423,2,Rice & Dal,2021-12-22,8.14,Average,37,71.35,53.21,354.34,2,Cold
424,2,Khichdi,2021-09-27,8.35,Average,52,87.17,52.81,418.73,8,Rainy
425,2,Chapati & Vegetables,2021-10-28,8.57,Average,115,85.01,67.61,336.62,2,Rainy
426,2,Pulao,2021-04-16,8.22,,33,72.77,73.17,442.81,2,Warm
427,2,Chapati & Vegetables,2021-12-21,6.11,Average,35,62.24,68.24,338.26,1,Cold
428,2,Idli & Sambar,2021-04-17,8.14,Poor,88,69.01,72.51,314.1,1,Warm
429,2,Idli & Sambar,2021-02-27,7.10,,71,64.0,72.33,335.1,0,Cold
430,2,Rice & Dal,2021-01-27,7.42,Average,51,79.79,73.36,212.73,0,Cold
431,2,Chapati & Vegetables,2021-10-21,9.14,Average,73,89.81,74.1,351.3,7,Rainy
432,2,Khichdi,2021-05-21,8.70,Poor,46,68.44,58.07,232.88,1,Warm
433,2,Chapati & Vegetables,2021-06-09,7.83,Average,51,83.63,69.25,280.68,8,Hot
434,2,Pulao,2021-07-24,7.45,Average,93,78.52,62.91,368.23,0,Hot
435,2,Khichdi,2021-05-19,8.17,Good,54,73.81,56.66,286.88,0,Warm
436,2,Chapati & Vegetables,2021-08-08,7.44,Average,108,68.62,62.86,331.27,9,Hot
437,2,Chapati & Vegetables,2021-02-21,7.50,Poor,49,82.85,74.44,391.64,1,Cold
438,2,Idli & Sambar,2021-06-12,9.19,Good,44,75.79,61.48,319.04,5,Hot
439,2,Pulao,2021-08-08,7.62,Good,61,78.84,53.64,426.06,3,Hot
440,2,Khichdi,2021-12-07,8.00,Average,108,88.77,58.26,282.2,1,Cold
441,2,Khichdi,2021-05-09,5.81,,69,75.0,53.52,397.02,3,Warm
442,2,Chapati & Vegetables,2021-09-20,8.26,Good,60,85.17,71.71,387.07,1,Rainy
443,2,Khichdi,2021-05-15,8.90,Average,96,86.7,72.97,412.37,0,Warm
444,2,Chapati & Vegetables,2021-09-03,8.60,Poor,113,78.95,55.95,305.09,5,Rainy
445,2,Idli & Sambar,2021-06-22,9.83,Good,58,78.55,50.47,418.8,6,Hot
446,2,Rice & Dal,2021-07-15,9.21,Average,53,60.77,53.26,233.33,6,Hot
447,2,Idli & Sambar,2021-06-05,9.02,Poor,78,71.34,66.86,244.06,0,Hot
448,2,Idli & Sambar,2021-06-03,8.38,Average,32,72.49,65.28,231.61,3,Hot
449,2,Pulao,2021-07-04,8.22,,65,66.45,58.78,351.11,10,Hot
450,2,Rice & Dal,2021-03-13,8.59,Good,97,68.47,60.76,300.6,5,Warm
451,2,Khichdi,2021-05-08,7.86,Good,65,60.38,74.55,221.93,4,Warm
452,2,Khichdi,2021-04-10,6.65,Average,71,87.26,58.62,389.58,2,Warm
453,2,Khichdi,2021-06-13,8.50,Good,100,85.23,63.72,314.2,8,Hot
454,2,Chapati & Vegetables,2021-08-27,7.06,Average,38,68.23,53.35,344.68,7,Hot
455,2,Idli & Sambar,2021-05-03,6.03,Poor,115,60.53,61.19,361.2,2,Warm
456,2,Khichdi,2021-11-11,8.90,Poor,68,69.04,57.82,360.22,6,Rainy
457,2,Rice & Dal,2021-10-16,6.86,Poor,82,68.57,74.97,476.95,1,Rainy
458,2,Khichdi,2021-03-04,7.40,Poor,104,71.34,74.01,474.29,4,Warm
459,2,Idli & Sambar,2021-04-07,7.26,Average,57,87.29,63.31,398.89,2,Warm
460,2,Rice & Dal,2021-05-14,6.02,Average,90,61.35,61.52,202.69,3,Warm
461,2,Idli & Sambar,2021-03-08,7.33,Poor,99,65.17,73.66,253.39,5,Warm
462,2,Khichdi,2021-01-19,7.40,Average,103,69.78,73.11,492.48,2,Cold
463,2,Khichdi,2021-10-22,9.70,Average,83,79.68,58.53,247.27,3,Rainy
464,2,Idli & Sambar,2021-10-24,6.18,Average,45,83.3,71.04,330.71,1,Rainy
465,2,Rice & Dal,2021-07-02,9.80,Average,37,80.74,50.53,200.61,5,Hot
466,2,Khichdi,2021-04-10,8.39,Good,93,65.66,63.54,250.07,1,Warm
467,2,Rice & Dal,2021-04-23,8.82,Average,93,80.03,62.05,321.77,3,Warm
468,2,Idli & Sambar,2021-01-14,8.81,,111,81.65,59.69,338.51,1,Cold
469,2,Idli & Sambar,2021-10-18,8.14,Good,65,73.42,67.88,390.71,5,Rainy
470,2,Idli & Sambar,2021-03-02,8.04,,38,82.61,72.11,295.0,3,Warm
471,2,Khichdi,2021-07-03,8.01,Average,120,88.04,68.77,272.08,2,Hot
472,2,Chapati & Vegetables,2021-09-03,8.51,Good,105,62.53,55.02,263.94,8,Rainy
473,2,Rice & Dal,2021-03-26,8.86,Average,58,67.1,70.6,397.22,5,Warm
474,2,Pulao,2021-02-09,9.94,Poor,95,86.84,54.86,374.87,3,Cold
475,2,Rice & Dal,2021-10-10,8.37,Poor,45,80.45,60.99,490.77,0,Rainy
476,2,Pulao,2021-03-19,9.80,Poor,108,79.72,66.87,380.7,3,Warm
477,2,Rice & Dal,2021-07-02,9.17,Average,55,73.25,57.83,365.87,1,Hot
478,2,Pulao,2021-07-17,7.87,,82,76.22,56.09,383.67,9,Hot
479,2,Rice & Dal,2021-04-02,7.57,Good,108,66.72,72.01,208.71,4,Warm
480,2,Chapati & Vegetables,2021-10-08,8.26,,89,60.57,55.0,421.72,8,Rainy
481,2,Pulao,2021-05-25,9.51,Poor,85,84.82,50.14,268.84,5,Warm
482,2,Chapati & Vegetables,2021-04-28,8.95,Good,33,80.16,74.99,389.22,1,Warm
483,2,Chapati & Vegetables,2021-09-24,6.99,Average,91,75.94,58.2,469.5,4,Rainy
484,2,Rice & Dal,2021-07-18,8.19,Poor,113,82.22,62.75,486.34,9,Hot
485,2,Idli & Sambar,2021-06-02,9.22,,116,74.26,69.73,299.17,10,Hot
486,2,Idli & Sambar,2021-05-07,8.68,,104,72.85,58.08,423.22,4,Warm
487,2,Idli & Sambar,2021-09-13,6.93,Average,40,67.31,57.45,308.69,6,Rainy
488,2,Khichdi,2021-02-25,6.82,Average,66,66.93,72.53,472.67,4,Cold
489,2,Idli & Sambar,2021-11-04,6.15,Average,71,65.93,71.4,427.21,1,Rainy
490,2,Chapati & Vegetables,2021-01-21,7.57,Poor,70,83.83,57.75,459.04,0,Cold
491,2,Chapati & Vegetables,2021-05-08,8.94,Average,104,89.11,54.56,240.43,2,Warm
492,2,Rice & Dal,2021-08-11,8.45,Poor,49,0.0,66.16,374.21,5,Hot
493,2,Chapati & Vegetables,2021-03-27,8.56,Good,85,73.09,58.54,254.67,3,Warm
494,2,Chapati & Vegetables,2021-11-28,8.04,Good,64,89.99,66.03,253.77,3,Rainy
495,2,Rice & Dal,2021-09-16,6.20,Poor,51,77.85,62.15,422.31,9,Rainy
496,2,Pulao,2021-08-09,6.69,Average,39,76.3,63.59,319.59,6,Hot
497,2,Pulao,2021-02-11,8.13,Average,60,60.94,50.05,454.74,5,Cold
498,2,Idli & Sambar,2021-07-21,6.86,Poor,104,79.21,58.99,417.15,6,Hot
499,2,Rice & Dal,2021-06-01,7.68,,56,84.21,67.67,281.36,0,Hot
500,2,Chapati & Vegetables,2021-04-18,8.60,,45,71.4,71.96,406.83,5,Warm
501,2,Khichdi,2021-12-20,7.94,Good,30,73.85,59.53,354.57,0,Cold
502,2,Pulao,2021-05-17,9.30,Poor,70,81.37,70.86,441.86,4,Warm
503,2,Rice & Dal,2021-05-16,6.89,Good,42,78.2,64.65,337.7,0,Warm
504,2,Pulao,2021-10-15,5.62,Average,91,71.43,67.47,455.67,6,Rainy
505,2,Khichdi,2021-04-07,5.94,,64,74.02,62.0,237.38,5,Warm
506,2,Chapati & Vegetables,2021-02-13,8.10,Average,40,77.94,73.73,227.7,5,Cold
507,2,Idli & Sambar,2021-03-17,8.30,Average,53,72.93,74.23,370.27,1,Warm
508,2,Rice & Dal,2021-11-12,7.02,Good,89,82.93,53.05,324.71,10,Rainy
509,2,Khichdi,2021-07-21,6.63,Poor,104,-79.93,52.2,275.59,2,Hot
510,2,Rice & Dal,2021-10-26,6.14,,118,81.65,56.52,491.51,1,Rainy
511,2,Khichdi,2021-01-12,9.25,Good,102,66.16,71.51,226.5,2,Cold
512,2,Rice & Dal,2021-01-10,9.08,,53,87.41,69.97,383.17,4,Cold
513,2,Chapati & Vegetables,2021-01-21,7.09,Average,46,74.72,60.58,306.38,0,Cold
514,2,Chapati & Vegetables,2021-04-27,9.28,Good,114,70.24,58.13,417.27,2,Warm
515,2,Pulao,2021-02-17,7.14,Average,107,61.45,68.91,394.1,3,Cold
516,2,Chapati & Vegetables,2021-03-02,9.48,,50,64.85,57.23,281.56,1,Warm
517,2,Rice & Dal,2021-12-25,5.77,,54,72.78,55.46,419.99,1,Cold
518,2,Pulao,2021-01-25,8.09,Poor,68,84.3,56.8,448.82,5,Cold
519,2,Idli & Sambar,2021-10-16,6.99,Good,67,85.59,62.96,363.41,5,Rainy
520,2,Khichdi,2021-01-21,6.61,,89,74.42,66.63,296.69,3,Cold
521,2,Rice & Dal,2021-05-07,7.66,Poor,105,88.75,50.89,439.71,1,Warm
522,2,Idli & Sambar,2021-06-09,7.37,Poor,87,82.49,62.61,287.06,3,Hot
523,2,Chapati & Vegetables,2021-01-10,6.32,,30,63.5,68.04,389.1,3,Cold
524,2,Chapati & Vegetables,2021-01-17,5.59,Average,66,61.37,53.16,493.59,3,Cold
525,2,Rice & Dal,2021-07-12,9.51,,66,65.83,59.47,232.91,8,Hot
526,2,Idli & Sambar,2021-11-16,7.77,Good,33,76.49,50.79,395.4,2,Rainy
527,2,Khichdi,2021-11-05,9.44,Poor,32,88.34,64.24,410.89,1,Rainy
528,2,Pulao,2021-12-06,7.40,Average,39,76.5,59.77,213.02,3,Cold
529,2,Chapati & Vegetables,2021-12-25,5.84,,86,85.59,54.2,349.77,5,Cold
530,2,Pulao,2021-11-21,6.22,,94,84.6,52.03,483.15,3,Rainy
531,2,Khichdi,2021-03-23,6.34,Average,86,82.03,60.07,371.66,3,Warm
532,2,Pulao,2021-12-01,6.72,Average,101,83.04,70.8,342.74,4,Cold
533,2,Idli & Sambar,2021-06-28,8.11,Average,108,83.63,60.64,470.11,0,Hot
534,2,Chapati & Vegetables,2021-01-13,6.90,Good,116,63.48,70.23,337.43,4,Cold
535,2,Rice & Dal,2021-02-18,6.80,,52,86.85,52.81,363.93,2,Cold
536,2,Khichdi,2021-03-18,7.71,Average,116,79.98,67.58,439.96,5,Warm
537,2,Khichdi,2021-11-03,6.74,Good,69,68.45,50.65,328.43,6,Rainy
538,2,Rice & Dal,2021-03-21,6.43,Average,49,81.89,65.91,382.77,0,Warm
539,2,Rice & Dal,2021-03-22,8.95,,102,79.43,61.7,376.54,2,Warm
540,2,Khichdi,2021-07-03,7.28,Average,102,62.08,53.71,343.94,1,Hot
541,2,Rice & Dal,2021-09-12,6.96,Average,116,73.58,62.61,211.48,7,Rainy
542,2,Khichdi,2021-07-02,7.91,,56,88.97,56.12,231.26,9,Hot
543,2,Rice & Dal,2021-03-20,8.35,,81,86.57,57.99,214.42,3,Warm
544,2,Chapati & Vegetables,2021-01-02,8.35,Good,62,82.87,62.76,448.91,3,Cold
545,2,Chapati & Vegetables,2021-10-01,7.74,Average,35,74.54,54.63,378.4,1,Rainy
546,2,Chapati & Vegetables,2021-01-14,6.25,,85,72.63,55.01,337.97,4,Cold
547,2,Rice & Dal,2021-04-18,7.81,Good,61,73.12,60.32,302.79,5,Warm
548,2,Khichdi,2021-06-09,9.01,Good,103,69.2,55.25,273.52,1,Hot
549,2,Idli & Sambar,2021-03-03,9.11,Poor,53,87.29,74.14,233.57,0,Warm
550,2,Rice & Dal,2021-12-03,5.91,Average,112,80.14,51.2,370.47,1,Cold
551,2,Idli & Sambar,2021-05-09,6.55,Good,104,61.11,57.82,349.28,1,Warm
552,2,Idli & Sambar,2021-11-25,8.23,Poor,85,80.67,54.32,471.81,3,Rainy
553,2,Idli & Sambar,2021-01-04,7.93,,102,72.51,52.28,364.63,2,Cold
554,2,Khichdi,2021-08-20,8.41,Poor,115,81.66,69.91,416.82,3,Hot
555,2,Rice & Dal,2021-05-17,7.92,Good,92,88.54,60.34,247.76,0,Warm
556,2,Rice & Dal,2021-10-22,8.58,,65,79.77,57.73,237.25,2,Rainy
557,2,Khichdi,2021-12-02,9.65,,59,66.65,55.46,293.2,4,Cold
558,2,Chapati & Vegetables,2021-04-09,7.19,Average,118,75.49,65.02,229.51,3,Warm
559,2,Khichdi,2021-10-25,6.55,Average,81,73.51,58.31,240.81,10,Rainy
560,2,Rice & Dal,2021-05-02,6.93,Poor,104,69.09,64.43,373.38,4,Warm
561,2,Rice & Dal,2021-08-15,7.70,Average,67,0.0,63.01,431.34,7,Hot
562,2,Idli & Sambar,2021-01-28,6.36,,97,79.17,51.16,214.8,1,Cold
563,2,Pulao,2021-06-09,5.76,Average,116,83.62,66.44,404.13,7,Hot
564,2,Idli & Sambar,2021-12-24,5.79,Average,110,85.06,58.35,306.34,4,Cold
565,2,Chapati & Vegetables,2021-10-28,6.95,,65,88.42,57.46,397.43,9,Rainy
566,2,Khichdi,2021-05-03,6.07,Average,81,69.51,74.57,290.77,1,Warm
567,2,Rice & Dal,2021-07-14,8.40,Average,58,74.64,66.27,441.88,9,Hot
568,2,Chapati & Vegetables,2021-07-18,7.46,Average,61,60.04,57.56,262.09,2,Hot
569,2,Idli & Sambar,2021-06-24,7.92,Poor,56,66.97,70.09,495.66,10,Hot
570,2,Khichdi,2021-11-08,7.65,Average,111,80.58,61.79,474.39,10,Rainy
571,2,Pulao,2021-07-14,6.51,Average,32,79.04,57.54,347.52,0,Hot
572,2,Khichdi,2021-12-27,9.65,Average,97,66.49,55.14,409.32,2,Cold
573,2,Khichdi,2021-03-10,5.94,Poor,51,64.82,59.18,337.21,4,Warm
574,2,Khichdi,2021-10-02,9.25,Average,95,63.11,52.82,468.79,2,Rainy
575,2,Pulao,2021-05-06,7.60,Poor,107,86.54,59.05,467.16,4,Warm
576,2,Khichdi,2021-04-26,7.22,Good,82,87.71,65.77,363.55,4,Warm
577,2,Rice & Dal,2021-07-12,7.59,,43,81.0,65.37,444.91,1,Hot
578,2,Idli & Sambar,2021-10-08,8.86,Good,91,77.49,67.8,377.85,8,Rainy
579,2,Rice & Dal,2021-07-02,9.27,Good,38,79.3,56.96,413.26,10,Hot
580,2,Chapati & Vegetables,2021-11-01,8.78,Good,62,68.19,73.27,491.84,10,Rainy
581,2,Khichdi,2021-12-08,7.59,Poor,30,64.69,62.19,492.41,5,Cold
582,2,Idli & Sambar,2021-09-03,7.66,Average,101,78.37,63.58,271.48,1,Rainy
583,2,Chapati & Vegetables,2021-08-03,5.53,Poor,45,66.19,70.6,358.63,3,Hot
584,2,Pulao,2021-01-20,9.65,,76,85.42,74.15,329.33,1,Cold
585,2,Khichdi,2021-03-14,8.17,,102,69.44,71.43,357.12,1,Warm
586,2,Chapati & Vegetables,2021-12-13,6.60,,120,87.98,68.21,334.81,5,Cold
587,2,Pulao,2021-10-16,8.87,Good,111,76.56,57.76,495.95,5,Rainy
588,2,Khichdi,2021-11-27,8.73,Good,90,79.66,51.03,450.86,8,Rainy
589,2,Khichdi,2021-02-07,8.29,,32,69.79,52.69,306.44,4,Cold
590,2,Chapati & Vegetables,2021-08-21,8.80,Average,46,-83.17,65.37,255.13,6,Hot
591,2,Khichdi,2021-09-05,7.86,Good,74,84.49,63.93,214.52,7,Rainy
592,2,Khichdi,2021-12-17,6.81,,72,88.82,70.19,328.81,5,Cold
593,2,Pulao,2021-09-08,6.84,Good,113,88.48,64.92,266.33,7,Rainy
594,2,Chapati & Vegetables,2021-07-23,8.45,Average,83,0.0,60.81,289.33,8,Hot
595,2,Pulao,2021-07-28,8.80,Poor,49,-67.76,61.47,274.22,3,Hot
596,2,Chapati & Vegetables,2021-03-02,8.93,Poor,45,82.65,62.99,289.2,3,Warm
597,2,Idli & Sambar,2021-05-21,8.17,Average,116,76.66,71.16,306.54,3,Warm
598,2,Pulao,2021-11-11,7.39,Poor,94,80.39,59.88,250.19,6,Rainy
599,2,Idli & Sambar,2021-08-16,9.22,,105,76.73,59.03,478.33,8,Hot
600,2,Khichdi,2021-06-27,8.46,Good,113,75.86,65.97,436.11,9,Hot
601,3,Chapati & Vegetables,2021-10-04,8.98,Average,103,80.64,66.68,343.72,0,Rainy
602,3,Chapati & Vegetables,2021-05-10,8.02,Average,97,66.87,58.0,390.62,3,Warm
603,3,Khichdi,2021-03-01,8.95,Poor,109,73.18,68.36,241.48,0,Warm
604,3,Idli & Sambar,2021-01-08,8.65,Average,35,74.78,58.98,498.51,1,Cold
605,3,Pulao,2021-04-28,7.17,,75,82.48,58.88,349.07,1,Warm
606,3,Khichdi,2021-04-10,7.36,Poor,116,82.93,54.81,367.44,1,Warm
607,3,Khichdi,2021-08-18,7.79,Average,40,62.89,71.5,437.05,3,Hot
608,3,Idli & Sambar,2021-02-20,8.29,,108,60.8,73.15,308.02,4,Cold
609,3,Idli & Sambar,2021-02-17,6.67,,72,85.5,51.37,202.33,1,Cold
610,3,Chapati & Vegetables,2021-12-10,7.08,,89,72.68,55.37,204.99,4,Cold
611,3,Pulao,2021-04-27,9.21,Poor,34,72.04,67.96,202.48,3,Warm
612,3,Khichdi,2021-09-14,8.57,,96,70.81,51.78,276.13,10,Rainy
613,3,Rice & Dal,2021-11-26,8.52,Poor,99,87.91,66.07,274.25,0,Rainy
614,3,Chapati & Vegetables,2021-12-05,7.37,Average,71,77.06,67.79,328.23,5,Cold
615,3,Rice & Dal,2021-02-15,6.70,Good,66,64.03,67.57,367.73,0,Cold
616,3,Khichdi,2021-04-25,7.34,Poor,34,79.26,74.78,223.16,3,Warm
617,3,Chapati & Vegetables,2021-11-23,7.52,Average,120,88.75,72.86,222.36,0,Rainy
618,3,Idli & Sambar,2021-06-14,7.23,,59,87.86,69.92,265.31,4,Hot
619,3,Chapati & Vegetables,2021-12-15,7.36,Good,114,60.98,65.55,224.83,3,Cold
620,3,Rice & Dal,2021-04-23,8.64,,52,89.78,64.43,286.55,2,Warm
621,3,Idli & Sambar,2021-05-02,8.32,Good,85,81.74,50.39,234.83,3,Warm
622,3,Idli & Sambar,2021-12-16,8.79,Good,48,80.83,68.13,257.93,3,Cold
623,3,Chapati & Vegetables,2021-05-12,6.93,Good,73,70.4,53.88,337.09,4,Warm
624,3,Khichdi,2021-02-03,8.65,,73,83.56,61.64,406.69,4,Cold
625,3,Idli & Sambar,2021-04-13,7.55,Good,34,0.0,53.45,476.15,3,Warm
626,3,Rice & Dal,2021-03-02,7.36,,42,80.65,66.3,441.15,1,Warm
627,3,Chapati & Vegetables,2021-09-14,6.85,,31,-80.8,58.83,342.46,8,Rainy
628,3,Chapati & Vegetables,2021-10-18,9.63,Good,111,78.73,50.21,337.83,3,Rainy
629,3,Pulao,2021-11-18,8.45,Poor,49,0.0,69.18,485.24,1,Rainy
630,3,Khichdi,2021-05-11,7.16,Poor,120,80.75,74.28,485.03,1,Warm
631,3,Chapati & Vegetables,2021-06-07,8.61,Poor,31,73.42,64.56,222.7,7,Hot
632,3,Khichdi,2021-03-20,8.02,,88,88.58,68.11,438.77,0,Warm
633,3,Idli & Sambar,2021-12-05,7.79,Poor,40,70.04,61.41,368.65,1,Cold
634,3,Chapati & Vegetables,2021-06-24,8.31,Poor,97,64.08,69.68,380.86,9,Hot
635,3,Idli & Sambar,2021-03-09,8.54,Poor,45,86.55,65.84,397.69,5,Warm
636,3,Pulao,2021-03-13,5.98,Poor,105,64.34,55.31,480.73,2,Warm
637,3,Pulao,2021-03-12,7.82,Good,54,83.24,56.19,204.57,2,Warm
638,3,Idli & Sambar,2021-07-01,7.19,Poor,31,88.46,72.68,215.22,8,Hot
639,3,Pulao,2021-10-06,6.59,Poor,76,65.42,59.09,389.69,10,Rainy
640,3,Idli & Sambar,2021-11-23,8.00,,96,75.83,57.17,341.68,5,Rainy
641,3,Khichdi,2021-12-21,8.83,Poor,108,73.22,55.19,319.04,2,Cold
642,3,Khichdi,2021-08-02,7.64,Poor,39,82.68,69.98,469.83,2,Hot
643,3,Pulao,2021-12-26,8.58,Poor,93,63.96,65.17,425.43,2,Cold
644,3,Rice & Dal,2021-12-08,6.22,Poor,120,67.93,52.15,221.51,3,Cold
645,3,Khichdi,2021-08-18,6.76,Poor,40,61.68,72.73,330.63,8,Hot
646,3,Rice & Dal,2021-10-09,6.45,Poor,74,85.97,62.83,470.62,5,Rainy
647,3,Khichdi,2021-11-10,7.16,,111,65.23,51.21,352.07,6,Rainy
648,3,Idli & Sambar,2021-06-26,9.66,Good,64,85.29,56.78,431.41,5,Hot
649,3,Rice & Dal,2021-12-11,8.22,Average,116,89.07,61.12,227.69,1,Cold
650,3,Khichdi,2021-09-09,6.59,Poor,72,81.55,65.37,399.44,3,Rainy
651,3,Khichdi,2021-05-08,8.32,,73,73.15,72.01,301.61,3,Warm
652,3,Khichdi,2021-01-26,8.09,Average,37,66.72,55.94,254.75,0,Cold
653,3,Idli & Sambar,2021-01-22,6.00,,96,83.15,61.66,214.05,0,Cold
654,3,Idli & Sambar,2021-03-16,7.52,,82,60.31,65.96,365.93,1,Warm
655,3,Khichdi,2021-03-08,6.99,Average,78,87.32,72.86,473.48,0,Warm
656,3,Idli & Sambar,2021-06-28,7.36,,63,85.75,70.67,224.63,0,Hot
657,3,Chapati & Vegetables,2021-09-26,6.91,Poor,47,81.83,68.59,415.0,6,Rainy
658,3,Chapati & Vegetables,2021-08-08,7.25,Average,72,-66.84,71.6,379.29,8,Hot
659,3,Rice & Dal,2021-08-06,8.82,Good,40,85.68,63.5,264.93,10,Hot
660,3,Khichdi,2021-05-11,6.39,Poor,54,73.28,65.32,315.93,5,Warm
661,3,Chapati & Vegetables,2021-07-14,7.46,Good,48,82.84,55.46,212.22,7,Hot
662,3,Pulao,2021-09-03,7.53,Average,108,79.37,59.02,208.22,1,Rainy
663,3,Pulao,2021-04-08,9.19,Average,89,68.63,57.52,488.87,4,Warm
664,3,Pulao,2021-07-18,7.50,Poor,71,70.27,55.38,294.86,0,Hot
665,3,Rice & Dal,2021-06-12,8.87,Average,105,60.85,55.32,323.37,1,Hot
666,3,Chapati & Vegetables,2021-08-13,6.32,Good,113,60.59,63.74,295.09,2,Hot
667,3,Khichdi,2021-06-20,8.00,Poor,36,85.67,64.03,258.95,6,Hot
668,3,Chapati & Vegetables,2021-01-05,8.84,,58,68.05,57.45,391.48,1,Cold
669,3,Idli & Sambar,2021-10-03,8.32,Poor,56,80.72,54.52,270.93,9,Rainy
670,3,Pulao,2021-11-14,8.29,,90,87.82,72.0,496.91,6,Rainy
671,3,Rice & Dal,2021-08-16,6.64,,82,82.97,61.36,337.73,3,Hot
672,3,Pulao,2021-05-26,6.58,Poor,48,80.74,74.41,407.25,5,Warm
673,3,Rice & Dal,2021-08-09,7.72,,93,64.13,51.57,428.38,7,Hot
674,3,Khichdi,2021-11-16,8.79,Average,61,72.43,65.53,376.19,6,Rainy
675,3,Idli & Sambar,2021-01-24,7.79,,116,80.45,74.01,332.31,4,Cold
676,3,Khichdi,2021-03-25,7.46,Poor,88,80.95,61.69,335.31,5,Warm
677,3,Chapati & Vegetables,2021-12-01,8.37,Poor,46,87.24,55.94,342.41,2,Cold
678,3,Rice & Dal,2021-01-20,9.02,Poor,99,80.46,52.53,463.79,4,Cold
679,3,Chapati & Vegetables,2021-03-07,6.50,Good,86,70.23,50.45,293.76,2,Warm
680,3,Idli & Sambar,2021-03-10,7.30,,33,74.65,73.66,261.2,5,Warm
681,3,Pulao,2021-10-05,7.17,,30,67.99,68.1,245.32,5,Rainy
682,3,Rice & Dal,2021-03-13,6.85,Average,52,-79.94,51.93,298.27,0,Warm
683,3,Idli & Sambar,2021-03-27,7.97,Good,117,74.79,72.08,244.23,4,Warm
684,3,Pulao,2021-08-21,7.94,Good,72,72.65,68.0,216.44,1,Hot
685,3,Idli & Sambar,2021-09-16,7.09,Good,50,65.34,72.13,298.09,9,Rainy
686,3,Pulao,2021-07-11,8.79,,65,62.94,62.53,242.08,10,Hot
687,3,Rice & Dal,2021-06-28,9.44,,77,83.76,51.56,283.72,2,Hot
688,3,Idli & Sambar,2021-03-18,8.22,Poor,44,69.07,54.8,325.69,2,Warm
689,3,Pulao,2021-08-08,5.95,,98,68.63,58.58,326.12,5,Hot
690,3,Idli & Sambar,2021-07-12,6.63,Poor,120,-78.44,73.54,470.12,1,Hot
691,3,Rice & Dal,2021-04-19,6.48,,65,71.2,64.03,475.51,4,Warm
692,3,Pulao,2021-03-25,9.81,,81,63.17,54.88,339.0,3,Warm
693,3,Rice & Dal,2021-11-12,7.20,Average,87,68.68,54.42,256.49,7,Rainy
694,3,Pulao,2021-09-24,7.82,Good,47,70.3,70.01,240.21,9,Rainy
695,3,Chapati & Vegetables,2021-11-04,6.71,Poor,43,78.84,71.95,439.03,4,Rainy
696,3,Rice & Dal,2021-02-20,7.07,Poor,110,88.59,70.8,340.41,0,Cold
697,3,Rice & Dal,2021-10-05,6.77,,107,69.08,56.87,487.08,6,Rainy
698,3,Idli & Sambar,2021-12-19,8.50,Good,75,80.34,73.57,359.09,4,Cold
699,3,Khichdi,2021-10-22,7.52,Good,97,69.26,56.76,262.93,3,Rainy
700,3,Pulao,2021-06-15,7.84,Average,114,67.57,52.77,290.26,9,Hot
701,3,Pulao,2021-04-06,9.60,,87,87.28,65.49,251.48,2,Warm
702,3,Idli & Sambar,2021-11-09,7.28,Poor,60,65.05,54.43,215.35,5,Rainy
703,3,Idli & Sambar,2021-02-13,6.40,Average,42,87.6,70.69,422.68,2,Cold
704,3,Pulao,2021-04-01,7.29,Average,100,69.11,60.87,474.58,2,Warm
705,3,Pulao,2021-05-14,7.01,Poor,79,76.27,54.07,245.53,2,Warm
706,3,Pulao,2021-09-14,8.67,,110,83.82,56.25,230.48,9,Rainy
707,3,Idli & Sambar,2021-02-18,7.77,Good,90,89.23,63.73,381.84,4,Cold
708,3,Idli & Sambar,2021-01-09,6.77,Poor,116,72.28,72.16,212.83,1,Cold
709,3,Idli & Sambar,2021-07-13,7.29,Average,114,82.76,67.11,333.06,5,Hot
710,3,Khichdi,2021-12-20,9.38,Poor,74,79.98,69.61,459.28,5,Cold
711,3,Pulao,2021-06-22,5.55,,36,88.87,59.82,238.12,1,Hot
712,3,Khichdi,2021-07-24,6.15,Average,68,88.95,69.0,437.71,3,Hot
713,3,Pulao,2021-05-24,8.52,Good,55,76.59,66.62,209.06,4,Warm
714,3,Khichdi,2021-09-18,7.08,Poor,47,87.72,60.5,230.87,5,Rainy
715,3,Chapati & Vegetables,2021-09-19,8.10,Poor,36,68.74,57.58,457.68,3,Rainy
716,3,Idli & Sambar,2021-04-03,9.03,Average,46,83.51,60.96,222.46,4,Warm
717,3,Chapati & Vegetables,2021-05-05,9.42,Good,71,84.82,55.01,432.04,4,Warm
718,3,Rice & Dal,2021-01-17,7.87,Poor,119,64.78,52.18,201.2,3,Cold
719,3,Pulao,2021-08-06,8.02,Average,79,64.18,54.64,318.01,4,Hot
720,3,Idli & Sambar,2021-10-15,7.75,,82,70.53,69.95,290.0,3,Rainy
721,3,Idli & Sambar,2021-06-17,7.25,Poor,114,-85.73,64.25,248.67,2,Hot
722,3,Rice & Dal,2021-06-20,8.62,Average,106,-87.16,66.96,243.93,1,Hot
723,3,Chapati & Vegetables,2021-12-13,7.90,Poor,33,66.93,70.83,281.71,3,Cold
724,3,Rice & Dal,2021-03-11,6.76,Good,34,88.51,50.49,429.99,1,Warm
725,3,Khichdi,2021-03-15,7.01,Poor,48,83.45,69.72,357.1,2,Warm
726,3,Idli & Sambar,2021-08-23,8.86,,60,75.55,59.22,352.36,7,Hot
727,3,Chapati & Vegetables,2021-05-01,6.57,,30,87.6,72.33,281.29,2,Warm
728,3,Pulao,2021-06-08,6.67,Average,85,69.46,74.83,235.4,2,Hot
729,3,Rice & Dal,2021-10-06,6.04,,100,69.23,71.58,430.41,2,Rainy
730,3,Rice & Dal,2021-04-04,8.91,Poor,64,87.43,53.19,409.25,0,Warm
731,3,Chapati & Vegetables,2021-02-11,6.85,Average,108,-76.84,68.68,417.46,3,Cold
732,3,Idli & Sambar,2021-01-18,6.87,Poor,94,82.58,58.98,488.0,0,Cold
733,3,Pulao,2021-08-25,6.71,Poor,74,69.35,74.2,341.05,4,Hot
734,3,Khichdi,2021-07-22,7.09,,93,75.74,51.95,390.15,4,Hot
735,3,Rice & Dal,2021-01-08,8.40,Poor,120,79.31,64.86,428.88,4,Cold
736,3,Khichdi,2021-11-01,7.72,Average,95,76.44,62.43,330.08,2,Rainy
737,3,Idli & Sambar,2021-10-12,7.96,Poor,119,75.2,56.93,334.18,3,Rainy
738,3,Pulao,2021-01-16,8.19,Average,89,71.65,64.48,235.73,3,Cold
739,3,Chapati & Vegetables,2021-12-12,8.38,Average,51,64.03,70.93,324.35,0,Cold
740,3,Khichdi,2021-11-27,8.65,,90,79.16,68.01,334.63,8,Rainy
741,3,Chapati & Vegetables,2021-05-02,6.82,,39,78.29,64.55,413.13,4,Warm
742,3,Pulao,2021-01-12,6.48,,109,78.58,58.75,381.24,0,Cold
743,3,Idli & Sambar,2021-08-14,7.09,Good,98,75.13,50.18,312.03,5,Hot
744,3,Chapati & Vegetables,2021-09-10,7.11,,111,63.98,71.36,226.29,8,Rainy
745,3,Khichdi,2021-12-19,8.04,Poor,81,81.76,70.37,297.46,4,Cold
746,3,Pulao,2021-06-21,6.02,,60,69.68,60.76,343.63,0,Hot
747,3,Pulao,2021-07-23,7.18,Average,76,77.91,74.53,413.62,9,Hot
748,3,Rice & Dal,2021-10-09,7.09,Poor,64,77.33,59.31,468.67,1,Rainy
749,3,Pulao,2021-06-08,7.09,Poor,100,61.65,70.79,274.22,8,Hot
750,3,Pulao,2021-03-28,8.05,Average,82,78.86,72.45,496.73,3,Warm
751,3,Chapati & Vegetables,2021-05-15,9.23,Average,108,68.79,73.82,208.41,0,Warm
752,3,Idli & Sambar,2021-07-28,7.31,Good,80,72.95,66.2,402.01,5,Hot
753,3,Idli & Sambar,2021-11-08,6.56,Poor,46,82.8,70.29,449.89,6,Rainy
754,3,Idli & Sambar,2021-09-18,8.34,Average,107,88.2,73.0,402.81,10,Rainy
755,3,Idli & Sambar,2021-05-15,9.01,Good,42,66.13,62.99,251.47,0,Warm
756,3,Rice & Dal,2021-01-15,5.60,Good,80,77.95,57.88,386.91,2,Cold
757,3,Rice & Dal,2021-06-17,7.16,,115,70.95,54.38,389.88,1,Hot
758,3,Rice & Dal,2021-02-19,6.50,Average,32,60.71,59.86,404.31,5,Cold
759,3,Rice & Dal,2021-01-03,7.17,Good,120,83.66,72.36,268.48,2,Cold
760,3,Idli & Sambar,2021-12-02,8.33,,116,62.64,53.51,361.26,0,Cold
761,3,Khichdi,2021-11-19,9.01,Average,106,71.48,72.86,393.34,1,Rainy
762,3,Khichdi,2021-05-04,7.64,Poor,66,84.04,69.49,407.33,4,Warm
763,3,Idli & Sambar,2021-05-22,6.61,,93,84.88,58.34,425.16,1,Warm
764,3,Khichdi,2021-02-03,6.71,,44,85.32,56.03,368.67,1,Cold
765,3,Idli & Sambar,2021-10-07,7.06,Good,116,84.35,71.66,459.17,8,Rainy
766,3,Rice & Dal,2021-11-03,6.63,Good,57,-68.44,66.46,245.45,1,Rainy
767,3,Khichdi,2021-04-25,6.18,Poor,110,87.5,62.32,234.17,3,Warm
768,3,Chapati & Vegetables,2021-09-27,7.45,,66,79.82,57.11,412.97,3,Rainy
769,3,Idli & Sambar,2021-04-05,7.25,,113,-85.07,61.75,491.09,1,Warm
770,3,Idli & Sambar,2021-06-05,6.86,Good,83,62.32,60.02,217.38,3,Hot
771,3,Chapati & Vegetables,2021-06-19,5.47,,115,85.86,63.22,208.18,7,Hot
772,3,Rice & Dal,2021-08-21,9.58,Poor,110,80.42,50.42,296.29,4,Hot
773,3,Idli & Sambar,2021-06-02,7.79,Good,96,84.77,53.74,250.9,10,Hot
774,3,Chapati & Vegetables,2021-07-16,6.94,Poor,70,75.17,73.74,417.12,9,Hot
775,3,Idli & Sambar,2021-05-23,7.25,,30,-78.74,58.84,383.76,0,Warm
776,3,Khichdi,2021-03-28,8.40,,67,79.9,70.09,425.31,1,Warm
777,3,Pulao,2021-03-12,8.79,,34,63.59,64.08,398.9,3,Warm
778,3,Chapati & Vegetables,2021-10-02,9.80,Good,65,60.58,60.64,397.0,2,Rainy
779,3,Chapati & Vegetables,2021-12-18,6.66,Good,109,61.58,71.97,318.85,2,Cold
780,3,Khichdi,2021-09-01,7.66,,100,89.65,71.64,256.91,3,Rainy
781,3,Chapati & Vegetables,2021-02-23,7.04,Average,57,64.73,56.45,339.91,3,Cold
782,3,Idli & Sambar,2021-01-09,8.59,Good,81,81.09,70.45,250.95,5,Cold
783,3,Idli & Sambar,2021-08-01,7.38,Average,71,64.59,62.27,212.7,5,Hot
784,3,Chapati & Vegetables,2021-04-28,9.12,,84,68.19,56.77,422.93,5,Warm
785,3,Chapati & Vegetables,2021-11-19,9.42,Average,93,81.92,61.92,209.62,0,Rainy
786,3,Chapati & Vegetables,2021-12-27,8.15,Good,83,76.0,61.64,241.72,3,Cold
787,3,Pulao,2021-02-04,7.76,Average,43,84.9,57.94,268.31,2,Cold
788,3,Rice & Dal,2021-08-05,7.51,Good,112,67.28,66.05,343.6,3,Hot
789,3,Chapati & Vegetables,2021-12-23,8.15,Average,97,76.3,61.53,320.83,5,Cold
790,3,Rice & Dal,2021-12-18,5.80,,34,84.39,51.92,246.67,0,Cold
791,3,Chapati & Vegetables,2021-01-27,8.96,,72,73.43,70.54,449.48,0,Cold
792,3,Idli & Sambar,2021-05-22,6.32,Good,62,75.02,50.26,322.6,1,Warm
793,3,Pulao,2021-03-09,8.67,Good,65,73.5,69.65,492.54,2,Warm
794,3,Rice & Dal,2021-04-03,9.17,Poor,50,72.09,55.03,456.54,5,Warm
795,3,Pulao,2021-06-19,6.80,,87,74.91,51.31,360.08,8,Hot
796,3,Chapati & Vegetables,2021-04-04,9.19,,112,82.42,65.05,410.87,5,Warm
797,3,Pulao,2021-07-24,6.97,Poor,91,68.95,56.86,408.36,10,Hot
798,3,Pulao,2021-11-27,7.87,,39,64.5,60.4,477.83,1,Rainy
799,3,Rice & Dal,2021-09-21,7.11,,93,86.14,63.31,397.91,1,Rainy
800,3,Chapati & Vegetables,2021-11-05,8.83,Good,114,79.43,73.18,321.91,0,Rainy
801,3,Pulao,2021-11-04,8.37,Good,113,82.67,56.89,231.7,1,Rainy
802,3,Chapati & Vegetables,2021-04-04,6.76,Poor,100,78.66,57.04,288.71,2,Warm
803,3,Pulao,2021-04-06,9.11,Average,106,64.63,54.0,366.17,1,Warm
804,3,Idli & Sambar,2021-06-20,9.24,Good,67,61.5,63.36,241.12,5,Hot
805,3,Chapati & Vegetables,2021-06-07,5.57,,120,81.0,53.43,355.4,10,Hot
806,3,Pulao,2021-09-24,6.90,,50,76.62,66.4,259.08,6,Rainy
807,3,Rice & Dal,2021-07-26,8.48,,53,62.46,64.04,370.38,3,Hot
808,3,Rice & Dal,2021-09-20,8.91,Good,43,75.16,65.16,438.59,5,Rainy
809,3,Rice & Dal,2021-08-26,7.92,Good,79,81.66,59.05,415.83,9,Hot
810,3,Chapati & Vegetables,2021-12-16,8.32,Good,44,61.5,69.45,469.81,1,Cold
811,3,Pulao,2021-05-09,8.03,Average,105,86.66,60.74,447.68,3,Warm
812,3,Chapati & Vegetables,2021-02-08,7.61,,100,-75.24,74.02,420.81,1,Cold
813,3,Khichdi,2021-05-23,7.65,Good,71,77.42,63.69,386.79,3,Warm
814,3,Idli & Sambar,2021-09-05,6.00,Poor,112,89.19,71.48,356.06,1,Rainy
815,3,Pulao,2021-09-19,8.75,Poor,81,82.19,51.84,373.04,1,Rainy
816,3,Pulao,2021-07-19,8.36,,52,78.67,58.99,287.61,0,Hot
817,3,Khichdi,2021-09-14,8.21,Poor,72,81.52,68.49,466.87,9,Rainy
818,3,Khichdi,2021-12-23,8.05,Good,75,66.78,56.97,290.26,1,Cold
819,3,Chapati & Vegetables,2021-08-24,8.77,Poor,52,75.93,71.27,466.31,9,Hot
820,3,Chapati & Vegetables,2021-02-15,8.64,Average,81,88.88,57.11,252.15,1,Cold
821,3,Idli & Sambar,2021-04-10,7.07,,97,70.79,71.33,204.51,2,Warm
822,3,Khichdi,2021-07-12,6.72,,42,80.3,72.12,331.48,2,Hot
823,3,Rice & Dal,2021-03-27,7.71,Good,78,60.48,74.95,489.5,5,Warm
824,3,Rice & Dal,2021-10-10,7.19,Good,116,71.99,59.98,291.05,8,Rainy
825,3,Chapati & Vegetables,2021-02-13,8.45,Poor,105,0.0,72.81,290.76,1,Cold
826,3,Chapati & Vegetables,2021-05-22,7.13,Poor,81,78.7,62.32,472.55,0,Warm
827,3,Khichdi,2021-07-20,5.74,Good,49,73.18,67.92,430.3,2,Hot
828,3,Pulao,2021-09-03,6.41,Poor,74,70.55,61.2,269.58,0,Rainy
829,3,Idli & Sambar,2021-03-09,6.41,,54,77.37,52.36,385.12,2,Warm
830,3,Chapati & Vegetables,2021-06-09,7.16,Good,44,83.55,63.69,337.17,5,Hot
831,3,Pulao,2021-01-27,9.89,Poor,69,83.87,68.48,250.85,2,Cold
832,3,Rice & Dal,2021-06-18,7.36,Poor,73,67.4,71.43,391.18,9,Hot
833,3,Pulao,2021-08-02,6.74,Poor,99,86.05,72.27,450.64,5,Hot
834,3,Chapati & Vegetables,2021-03-07,7.24,,106,71.3,62.86,369.2,0,Warm
835,3,Pulao,2021-10-02,7.34,Good,55,68.31,70.86,232.85,1,Rainy
836,3,Khichdi,2021-07-18,6.69,,40,81.72,59.91,231.12,0,Hot
837,3,Khichdi,2021-02-15,7.65,,92,71.66,55.69,240.68,2,Cold
838,3,Chapati & Vegetables,2021-09-03,8.71,Poor,36,66.56,55.29,350.91,0,Rainy
839,3,Idli & Sambar,2021-08-10,7.62,Good,56,64.98,70.91,204.61,9,Hot
840,3,Khichdi,2021-08-09,7.44,Good,75,86.13,53.48,308.94,1,Hot
841,3,Khichdi,2021-11-26,10.03,Good,32,77.67,64.83,406.54,2,Rainy
842,3,Idli & Sambar,2021-03-12,6.67,Good,85,62.19,53.36,402.15,0,Warm
843,3,Rice & Dal,2021-08-26,6.97,Good,80,84.44,67.26,300.57,0,Hot
844,3,Pulao,2021-03-03,8.03,,45,73.14,58.83,391.96,1,Warm
845,3,Rice & Dal,2021-10-26,7.90,Average,92,87.57,50.42,455.93,4,Rainy
846,3,Chapati & Vegetables,2021-07-01,5.79,,62,62.12,51.9,466.17,3,Hot
847,3,Chapati & Vegetables,2021-04-17,6.05,Poor,48,0.0,72.27,300.36,4,Warm
848,3,Pulao,2021-07-28,7.74,Good,74,70.86,67.76,249.46,9,Hot
849,3,Chapati & Vegetables,2021-04-01,7.00,Poor,59,84.27,63.43,406.92,2,Warm
850,3,Rice & Dal,2021-12-21,7.33,Good,113,68.18,74.22,336.97,5,Cold
851,3,Pulao,2021-10-15,8.80,Poor,76,-70.32,63.86,496.34,8,Rainy
852,3,Khichdi,2021-04-11,8.16,Good,99,71.94,59.38,454.24,1,Warm
853,3,Pulao,2021-08-17,6.61,,34,87.41,57.21,223.34,10,Hot
854,3,Khichdi,2021-05-13,8.36,,70,85.49,54.28,223.7,4,Warm
855,3,Khichdi,2021-10-06,7.70,,68,0.0,50.55,394.02,3,Rainy
856,3,Idli & Sambar,2021-01-17,8.24,Poor,99,77.43,73.65,267.08,4,Cold
857,3,Chapati & Vegetables,2021-01-24,6.27,,61,68.05,63.75,238.97,3,Cold
858,3,Khichdi,2021-12-11,7.64,Average,99,83.57,71.39,483.03,3,Cold
859,3,Pulao,2021-08-26,8.45,Good,46,0.0,64.21,467.13,5,Hot
860,3,Khichdi,2021-02-22,8.80,Average,116,-72.24,63.79,274.95,2,Cold
861,3,Rice & Dal,2021-08-16,8.90,Good,93,74.29,69.43,335.0,7,Hot
862,3,Chapati & Vegetables,2021-05-28,6.34,Good,93,66.0,69.86,256.63,3,Warm
863,3,Khichdi,2021-12-10,6.43,,72,69.34,74.57,451.74,1,Cold
864,3,Pulao,2021-02-27,8.79,Average,87,73.46,67.57,259.3,3,Cold
865,3,Idli & Sambar,2021-03-09,8.45,,47,0.0,72.76,496.75,4,Warm
866,3,Khichdi,2021-05-04,6.61,,74,80.51,71.24,220.1,5,Warm
867,3,Pulao,2021-11-03,5.98,,98,85.02,62.9,493.17,3,Rainy
868,3,Rice & Dal,2021-06-17,8.39,Good,116,64.46,53.5,281.09,2,Hot
869,3,Rice & Dal,2021-06-15,7.73,Average,78,61.04,55.17,410.14,3,Hot
870,3,Idli & Sambar,2021-12-24,6.76,,89,67.26,73.7,358.35,0,Cold
871,3,Idli & Sambar,2021-03-22,8.89,Poor,99,79.88,70.54,351.31,4,Warm
872,3,Idli & Sambar,2021-02-21,7.66,,38,79.72,64.75,383.41,2,Cold
873,3,Khichdi,2021-08-20,7.66,Average,55,83.86,68.1,412.27,4,Hot
874,3,Chapati & Vegetables,2021-02-20,5.70,Poor,87,72.81,57.9,495.82,3,Cold
875,3,Idli & Sambar,2021-01-06,5.65,,89,76.27,63.9,350.53,5,Cold
876,3,Chapati & Vegetables,2021-09-01,9.45,,72,85.32,59.77,327.66,8,Rainy
877,3,Idli & Sambar,2021-08-03,9.48,Good,33,61.36,51.8,334.43,3,Hot
878,3,Idli & Sambar,2021-07-06,6.62,Good,45,83.84,55.24,348.81,0,Hot
879,3,Pulao,2021-02-16,8.37,,76,89.18,68.34,252.19,0,Cold
880,3,Rice & Dal,2021-07-26,9.78,Good,86,72.39,51.94,347.43,0,Hot
881,3,Rice & Dal,2021-12-14,7.78,Good,37,85.67,68.24,420.25,3,Cold
882,3,Khichdi,2021-09-19,8.76,,82,87.68,51.0,401.45,2,Rainy
883,3,Rice & Dal,2021-10-24,7.91,Average,67,89.34,51.95,413.14,10,Rainy
884,3,Chapati & Vegetables,2021-01-09,8.12,Average,56,0.0,71.17,452.14,4,Cold
885,3,Rice & Dal,2021-07-06,7.78,Good,47,79.78,70.31,239.4,7,Hot
886,3,Chapati & Vegetables,2021-03-02,8.81,Poor,106,84.01,54.3,420.68,3,Warm
887,3,Rice & Dal,2021-10-22,7.66,,52,60.92,71.82,345.9,9,Rainy
888,3,Khichdi,2021-10-07,7.35,Poor,117,67.89,61.17,484.83,9,Rainy
889,3,Rice & Dal,2021-09-10,8.59,Poor,54,67.47,58.96,427.42,4,Rainy
890,3,Khichdi,2021-05-09,8.81,,63,78.02,69.29,326.62,5,Warm
891,3,Pulao,2021-04-22,6.55,,37,67.1,66.27,390.14,1,Warm
892,3,Khichdi,2021-11-05,7.70,Average,100,0.0,57.47,496.83,3,Rainy
893,3,Chapati & Vegetables,2021-12-16,7.14,,67,77.85,66.34,247.19,5,Cold
894,3,Chapati & Vegetables,2021-06-13,5.59,,70,84.21,63.73,412.68,10,Hot
895,3,Khichdi,2021-03-28,9.39,Poor,87,0.0,68.59,211.42,2,Warm
896,3,Idli & Sambar,2021-07-14,8.21,Average,45,79.24,53.75,228.19,5,Hot
897,3,Pulao,2021-02-15,6.81,Average,66,82.92,66.04,360.83,4,Cold
898,3,Khichdi,2021-01-23,7.55,,46,0.0,66.16,446.45,3,Cold
899,3,Khichdi,2021-02-12,6.97,Good,46,88.95,56.64,268.35,5,Cold
900,3,Idli & Sambar,2021-01-17,8.70,Poor,86,78.34,67.75,396.93,4,Cold
